iter	Logloss
0	0.6283722889
1	0.5767113504
2	0.5306808756
3	0.4918941778
4	0.4587113618
5	0.4302613086
6	0.4055950574
7	0.3820673616
8	0.3803427192
9	0.3612025224
10	0.3453857981
11	0.3304618852
12	0.3161405737
13	0.304958311
14	0.2942864653
15	0.2846597547
16	0.2757760227
17	0.2694628055
18	0.2635226278
19	0.2568824176
20	0.2500597091
21	0.2451978974
22	0.2409610581
23	0.2366070927
24	0.2328468007
25	0.2295353108
26	0.2266486361
27	0.2239759127
28	0.2216940529
29	0.2187152026
