iter	Logloss
0	0.5700901092
1	0.4685084793
2	0.3845409934
3	0.3320733748
4	0.2948255524
5	0.2535448858
6	0.2266481068
7	0.2020069855
8	0.1833691172
9	0.1669739482
10	0.1547139799
11	0.1449255147
12	0.1358713302
13	0.1252822813
14	0.1182425468
15	0.1106087829
16	0.1048874043
17	0.09805983747
18	0.09226742106
19	0.08768165662
20	0.08479963058
21	0.08117425264
22	0.07790572587
23	0.07380954758
24	0.06997174886
25	0.06620316531
26	0.06287649972
27	0.06092186605
28	0.05910652809
29	0.05714842451
