iter	Logloss
0	0.6765800784
1	0.6570329523
2	0.6398026841
3	0.6222244256
4	0.6069564057
5	0.5928430279
6	0.5771798605
7	0.5622148728
8	0.5474157058
9	0.5353881021
10	0.5228131269
11	0.5106424281
12	0.4984889385
13	0.486886206
14	0.4763420793
15	0.465737304
16	0.4557277416
17	0.445887278
18	0.4359381138
19	0.426331354
20	0.4179690572
21	0.409352465
22	0.4016213771
23	0.3937359788
24	0.3860488456
25	0.3785589823
26	0.3716382297
27	0.36451409
28	0.3577071401
29	0.3509652233
